Name,Company,Mobile,Email,Requirement,Location,Date
,,,,Photo Editing,,
,,,,Form Filling Service,,
,,,,Advertising Brochures,,
,,,,Logo Embroidery Service,,
,,,,Visiting Cards,,
,,,,Embroidery Job Work,,
,,,,Photo Editing Services,,
,,,,Visiting Cards,,
,,,,Advertising Banners,,
,,,,Live chat support Service User,,
,,,,Form Filling Service,,
,,,,"Hello, <br> <br>I reached out recently about a paid link placement opportunity and wanted to check in one more time. <br> <br>I work with a brand in the marketing and design space and I'm specifically looking for established sites  not newcomers  to place a contextual link within your content. Yours fits what I'm looking for. Compensation is included, and the process on your end is straightforward. <br> <br>If there's any interest, I'm easy to reach. <br> <br>Richard Mayer <br>bizcentralhelp.com <br> <br>P.S. A quick ""not for us"" works too  I'll remove you from my list and won't bother you again.<br>",,
,,,,Email Marketing,,
,,,,Half Sleeve T Shirt Printing for Event,,
,,,,Promotional Red Cotton Polo T Shirt,,
,,,,Embroidery Patches,,
,,,,Round Neck T Shirts,,
,,,,Customized T-shirt Printing Service,,
,,,,Computerized Embroidery Designing Services,,
,,,,"Please send us quotation & details quickly, as I am intertested in your product and services<br>",,
,,,,Computerized Embroidery Designing Services,,
,,,,Custom Tshirt Embroidery,,
,,,,Folding Brochure Designing Services,,
,,,,Vector Art Services,,
,,,,Embroidery T Shirts,,
,,,,Form Filling Service,,
,,,,May I Have Your Email Address,,
,,,,Image Color Correction Services in India UK USA France Canada Switzerland Denmark,,
,,,,Filing of Form 15 Ca and 15 Cb,,
,,,,I viewed your 'Catalog Page'<br>,,
,,,,Vector Design Service In USA,,
,,,,Requirement for   ,,
,,,,Cotton Plain Men Round Neck T Shirt,,
,,,,Form Filling Service,,
,,,,Floral Embroidery Service,,
,,,,Requirement for   ,,
,,,,Aircraft Cabin Mockup,,
,,,,T-Shirt Printing Services,,
,,,,Brand Logo Designing,,
,,,,Requirement for   ,,
,,,,Requirement for   ,,
,,,,Logo T Shirt,,
,,,,Embroidered T Shirt,,
,,,,Creative Designing Services,,
,,,,Anime Embroidery Files,,
,,,,T Shirt Embroidery Services,,
,,,,T-Shirt Printing Services,,
,,,,Tshirt Printing Services,,
,,,,Corporate T Shirt Printing Services,,
,,,,T Shirt Screen Printing Service,,
,,,,T Shirt Screen Printing Services,,
,,,,Photo Editing Service,,
,,,,Embroidery Digitizing Service,,
,,,,PDF Editing Services,,
,,,,Embroidery Cut Work,,
,,,,Form Filling Service,,
,,,,Promotional T Shirt Printing Service,,
,,,,T-Shirt Printing Services,,
,,,,Full Sleeves T Shirt Printing Services,,
,,,,T-Shirt Printing Services,,
,,,,T-Shirt Printing Service,,
,,,,T Shirt Embroidery Services,,
,,,,Vector Logo Maker,,
,,,,Tshirts Printing Service,,
,,,,Embroidery Job Work,,
,,,,Furniture Image Editing Services,,
,,,,Computerized Embroidery Services,,
,,,,Photo Editing,,
,,,,Cotton Digital Dtf Printing Servicet- Shirt,,
,,,,Art Work,,
,,,,Cotton T Shirt Printing Service,,
,,,,Filing of Form 15 Ca and 15 Cb,,
,,,,Custom Company Logo Designing Service,,
,,,,3D Logo Design,,
,,,,Embroidery Job Work,,
,,,,Label design Company,,
,,,,Social Media Posters Designing Services,,
,,,,T-Shirt Printing Services,,
,,,,Aircraft Cabin Mockup,,
,,,,Embroidery Job Work,,
,,,,Concert Photography Retouching,,
,,,,Embroidery Digitizing Services,,
,,,,Computerized Embroidery Job Works,,
,,,,Embroidery Digitizing Services,,
,,,,Customized T Shirt Printing Service,,
,,,,T Shirt All Over Printing,,
,,,,T-Shirt Printing Services,,
,,,,T Shirt Print,,
,,,,Bulk Tshirt Printing,,
,,,,T-Shirt Printing Services,,
,,,,Computerised Embroidery Job Work,,
,,,,Custom Embroidery Service,,
,,,,T Shirt Logo Embroidery Services,,
,,,,T-shirt Embroidery Services,,
,,,,Shirt Logo Embroidery,,
,,,,T-Shirt Embroidery Services,,
,,,,Customized T-shirt with Embroidery,,
,,,,T-Shirt Embroidery Services,,
,,,,Email Marketing,,
,,,,Logo Designer in Tamil Ndau,,
,,,,Logo Digitizing In USA,,
,,,,Logo Digitizing In USA,,
,,,,Product Labels Designing Services,,
,,,,Photo Editing Service,,
,,,,Product Labels Designing Services,,
,,,,Product Labels Designing Services,,
,,,,Visiting Cards,,
,,,,Visiting Cards,,
,,,,Form Filling Service,,
,,,,Computerized Embroidery Service,,
,,,,Custom Embroidery Digitizing,,
,,,,Bulk Email Marketing Services,,
,,,,E Commerce Adding And Updating Products,,
,,,,Photo Embroidery Designing Service,,
,,,,Compliment Alimentaire,,
,,,,Form Filling Service,,
,,,,Old Photo Restoration Services,,
,,,,Freelance Graphic Designer,,
,,,,Brochure Graphic Design Service,,
,,,,Embroidery Digitizing Services,,
,,,,Logo Designing Service,,
,,,,Email Marketing,,
,,,,Client Assistance Service,,
,,,,Pdf To Doc Conversion,,
,,,,"Bulk Gmail Email Accounts Rs 85, Type : Random",,
,,,,DST File Conversion Service,,
,,,,DST File Conversion Service,,
,,,,Live Chat Support Chats,,
,,,,Company Profile Design Service,,
,,,,Vector Art Design ,,
,,,,Package design,,
,,,,Photo edititing,,
,,,,,,
